"DESCRIPTION","DURATION IN MS","NAME","PARENT SUITE","START TIME","STATUS","STOP TIME","SUB SUITE","SUITE","TEST CLASS","TEST METHOD"
"","17697","Verify that data is filtered by report type Check 5 attributes","create, view, delete Report","2026-09-29","passed","2026-09-29","Filter reports","Tests with presetup","",""
"","27164","create scheduler dialog for Check 5 attributes","Smoke tests","2026-09-29","passed","2026-09-29","","SchedulerPage","",""
"","20345","Verify that report can be deleted","create, view, delete Report","2026-09-29","passed","2026-09-29","Actions","Tests with presetup","",""
"","10286","start page","Smoke tests","2026-09-29","passed","2026-09-29","","SchedulerPage","",""
"","15055","Verify that ""Info"" window is opened","create, view, Scheduler","2026-09-29","passed","2026-09-29","","Actions","",""
"","19853","edit","Smoke tests","2026-09-29","passed","2026-09-29","","SchedulerPage","",""
"","10042","canceled delete","Smoke tests","2026-09-29","passed","2026-09-29","","Report Page","",""
"","20028","Verify that data is filtered by report name 'Check 5 attributes' and by string","create, view, delete Report","2026-09-29","passed","2026-09-29","Filter reports","Tests with presetup","",""
"","20747","Verify that data is sorted by Creator descending","create, view, Scheduler","2026-09-29","passed","2026-09-29","","Sorting","",""
"","10417","filters","Smoke tests","2026-09-29","passed","2026-09-29","","SchedulerPage","",""
"","18410","shows General section defaults, unchanged Time Attributes defaults, and 11 specific-attribute fields with correct default states","Smoke tests","2026-09-29","passed","2026-09-29","Create Schedule dialog: 'Check many attributes' selected","SchedulerPage","",""
"","16715","Verify that data is sorted by Start Date ascending","create, view, Scheduler","2026-09-29","passed","2026-09-29","","Sorting","",""
"","42268","Verify that the report 'Check 5 attributes' is created by filling only mandatory fields","create, view, delete Report","2026-09-29","passed","2026-09-29","","Create report with only mandatory fields filled (without deletion)","",""
"","83974","Verify that the report 'Check many attributes' is created by filling all fields","create, view, delete Report","2026-09-29","passed","2026-09-29","","Create report with all fields filled","",""
"","19682","Verify that check5attr reports is sorted by String ascending","create, view, delete Report","2026-09-29","passed","2026-09-29","Sorting > Sorting check5attr reports","Tests with presetup","",""
"","13682","shows dialog title, field labels, fields, and buttons with Schedule button disabled before Report Type is selected","Smoke tests","2026-09-29","passed","2026-09-29","Create Schedule dialog: no Report Type selected","SchedulerPage","",""
"","10181","Verify that 'Info' window is opened","create, view, delete Report","2026-09-29","passed","2026-09-29","Actions","Tests with presetup","",""
"","8554","info action","Smoke tests","2026-09-29","passed","2026-09-29","","Report Page","",""
"","15667","Verify that data is filtered by Interval Monthly","create, view, Scheduler","2026-09-29","passed","2026-09-29","Verify that data is filtered by Interval Monthly","Filter by data","",""
"","15709","Verify pagination behavior at first/last page boundaries","create, view, Scheduler","2026-09-29","passed","2026-09-29","","Pagination","",""
"","19003","Verify that data is filtered by Report type Check 5 attributes","create, view, Scheduler","2026-09-29","passed","2026-09-29","Verify that data is filtered by Report type Check 5 attributes","Filter by data","",""
"","38454","Verify that the report 'Check 5 attributes' is created by filling all fields","create, view, delete Report","2026-09-29","passed","2026-09-29","","Create report with all fields filled","",""
"","13968","Verify that clicking Reload button refreshes the schedule list from the server","create, view, Scheduler","2026-09-29","passed","2026-09-29","","Actions","",""
"","21821","Verify that data is filtered by Creator","create, view, delete Report","2026-09-29","passed","2026-09-29","Filter reports","Tests with presetup","",""
"","17373","Verify that schedule is deleted","create, view, Scheduler","2026-09-29","passed","2026-09-29","","Actions","",""
"","8682","Verify that Next/Prev page buttons navigate between pages and update the table content","create, view, delete Report","2026-09-29","passed","2026-09-29","Pagination","Tests with presetup","",""
"","8439","Verify pagination behavior at first/last page boundaries","create, view, delete Report","2026-09-29","passed","2026-09-29","Pagination","Tests with presetup","",""
"","19883","Verify that the report 'Check many attributes' is created by filling only mandatory fields","create, view, delete Report","2026-09-29","passed","2026-09-29","","Create report with only mandatory fields filled (without deletion)","",""
"","15563","Verify that data is filtered by Interval Daily","create, view, Scheduler","2026-09-29","passed","2026-09-29","Verify that data is filtered by Interval Daily","Filter by data","",""
"","50096","Verify that Scheduler ""Check 5 attributes"" is created filling all abligatory fields","create, view, Scheduler","2026-09-29","passed","2026-09-29","","Create Scheduler","",""
"","21142","Verify that data is filtered by Report Title","create, view, delete Report","2026-09-29","passed","2026-09-29","Filter reports","Tests with presetup","",""
"","15739","Verify that data is filtered by Format PDF","create, view, Scheduler","2026-09-29","passed","2026-09-29","Verify that data is filtered by Format PDF","Filter by data","",""
"","21967","Verify that data is filtered by report name 'Check 5 attributes' and by date","create, view, delete Report","2026-09-29","passed","2026-09-29","Filter reports","Tests with presetup","",""
"","12523","Verify that data is filtered by format HTML","create, view, delete Report","2026-09-29","passed","2026-09-29","Filter reports","Tests with presetup","",""
"","24413","Verify that check5attr reports is sorted by Creation Time descending","create, view, delete Report","2026-09-29","failed","2026-09-29","Sorting > Sorting check5attr reports","Tests with presetup","",""
"","19883","Verify that data is sorted by Creator ascending","create, view, Scheduler","2026-09-29","passed","2026-09-29","","Sorting","",""
"","23725","Verify that check5attr reports is sorted by Date descending","create, view, delete Report","2026-09-29","passed","2026-09-29","Sorting > Sorting check5attr reports","Tests with presetup","",""
"","15625","Verify that Next/Prev page buttons navigate between pages and update the table content","create, view, Scheduler","2026-09-29","passed","2026-09-29","","Pagination","",""
"","13458","Verify button 'Create' in report 'Check 5 attributes' does not exist in Dom when mandatory field 'Language' is not filled","create, view, delete Report","2026-09-29","passed","2026-09-29","","Report is not created","",""
"","15901","shows General section defaults, unchanged Time Attributes defaults, and 5 empty specific-attribute fields","Smoke tests","2026-09-29","passed","2026-09-29","Create Schedule dialog: 'Check 5 attributes' selected","SchedulerPage","",""
"","8135","Verify that clicking Reload button refreshes the report list from the server","create, view, delete Report","2026-09-29","passed","2026-09-29","Actions","Tests with presetup","",""
"","27415","Verify that data is filtered by Report Title","create, view, Scheduler","2026-09-29","passed","2026-09-29","Verify that data is filtered by Report Title","Filter by data","",""
"","17960","Verify that data is filtered by Format HTML","create, view, Scheduler","2026-09-29","passed","2026-09-29","Verify that data is filtered by Format HTML","Filter by data","",""
"","20044","keeps filter panel and table headers unchanged when Report Type is 'Check many attributes'","Smoke tests","2026-09-29","passed","2026-09-29","Report Type filter panel & table headers for 'Check many attributes'","SchedulerPage","",""
"","8825","hides More/Hide Filters buttons and removes Check 5 attributes-specific columns","Smoke tests","2026-09-29","passed","2026-09-29","Report Type filter panel & table headers for 'All'","Report Page","",""
"","9339","Verify that data is filtered by creation time Yesterday","create, view, delete Report","2026-09-29","passed","2026-09-29","Filter reports","Tests with presetup","",""
"","14960","Verify that data is sorted by Creation Time descending","create, view, delete Report","2026-09-29","passed","2026-09-29","Sorting","Tests with presetup","",""
"","22608","Verify that check5attr reports is sorted by Number descending","create, view, delete Report","2026-09-29","passed","2026-09-29","Sorting > Sorting check5attr reports","Tests with presetup","",""
"","10787","Verify that 'View' window is opened","create, view, delete Report","2026-09-29","passed","2026-09-29","Actions","Tests with presetup","",""
"","11780","action menu","Smoke tests","2026-09-29","passed","2026-09-29","","SchedulerPage","",""
"","11825","shows only Report Type field and disabled Create button","Smoke tests","2026-09-29","passed","2026-09-29","Create Report dialog: no Report Type selected","Report Page","",""
"","11170","shows all 5 Check 5 attributes filter fields and swaps table headers accordingly","Smoke tests","2026-09-29","passed","2026-09-29","Report Type filter panel & table headers for 'Check 5 attributes'","Report Page","",""
"","19554","Verify that data is sorted by Interval ascending","create, view, Scheduler","2026-09-29","passed","2026-09-29","","Sorting","",""
"","17185","shows General section defaults and 5 empty specific-attribute fields","Smoke tests","2026-09-29","passed","2026-09-29","Create Report dialog: 'Check 5 attributes' selected","Report Page","",""
"","20560","Verify that the report can be downloaded","create, view, delete Report","2026-09-29","skipped","2026-09-29","Actions","Tests with presetup","",""
"","16761","canceled create","Smoke tests","2026-09-29","passed","2026-09-29","","Report Page","",""
"","20280","Verify that data is sorted by Scheduled Time ascending","create, view, Scheduler","2026-09-29","passed","2026-09-29","","Sorting","",""
"","13086","start page","Smoke tests","2026-09-29","passed","2026-09-29","","Report Page","",""
"","15090","keeps filter panel and table headers unchanged when Report Type is 'All'","Smoke tests","2026-09-29","passed","2026-09-29","Report Type filter panel & table headers for 'All'","SchedulerPage","",""
"","16484","shows General section defaults and 11 specific-attribute fields with correct default states","Smoke tests","2026-09-29","passed","2026-09-29","Create Report dialog: 'Check many attributes' selected","Report Page","",""
"","20722","Verify that data is filtered by report type Check many attributes","create, view, delete Report","2026-09-29","passed","2026-09-29","Filter reports","Tests with presetup","",""
"","18039","Verify that check5attr reports is sorted by Number ascending","create, view, delete Report","2026-09-29","passed","2026-09-29","Sorting > Sorting check5attr reports","Tests with presetup","",""
"","95629","Verify that Scheduler 'Check 5 attributes' is created filling all fields","create, view, Scheduler","2026-09-29","failed","2026-09-29","","Create Scheduler","",""
"","14733","Verify that data is sorted by Creator ascending","create, view, delete Report","2026-09-29","passed","2026-09-29","Sorting","Tests with presetup","",""
"","21295","Verify that check5attr reports is sorted by Creator ascending","create, view, delete Report","2026-09-29","passed","2026-09-29","Sorting > Sorting check5attr reports","Tests with presetup","",""
"","38781","Verify button 'Schedule' in Scheduler 'Check 5 attributes' does not exist in Dom when an abligatory field 'Language' is not filled","create, view, Scheduler","2026-09-29","passed","2026-09-29","","Create Scheduler","",""
"","16781","keeps filter panel and table headers unchanged when Report Type is 'Check 5 attributes'","Smoke tests","2026-09-29","passed","2026-09-29","Report Type filter panel & table headers for 'Check 5 attributes'","SchedulerPage","",""
"","20865","Verify that data is sorted by Start Date descending","create, view, Scheduler","2026-09-29","passed","2026-09-29","","Sorting","",""
"","11393","Verify that data is filtered by creation time Today","create, view, delete Report","2026-09-29","passed","2026-09-29","Filter reports","Tests with presetup","",""
"","14152","shows all 11 Check many attributes filter fields and swaps table headers accordingly","Smoke tests","2026-09-29","passed","2026-09-29","Report Type filter panel & table headers for 'Check many attributes'","Report Page","",""
"","10459","delete","Smoke tests","2026-09-29","passed","2026-09-29","","Report Page","",""
"","16560","Verify that the report 'Check 5 attributes' is not created when a user clicks 'Cancel' button","create, view, delete Report","2026-09-29","passed","2026-09-29","","Report is not created","",""
"","46005","Verify that data is filtered by format PDF","create, view, delete Report","2026-09-29","passed","2026-09-29","Filter reports","Tests with presetup","",""
"","12103","info action","Smoke tests","2026-09-29","passed","2026-09-29","","SchedulerPage","",""
"","16318","create","Smoke tests","2026-09-29","passed","2026-09-29","","Report Page","",""
"","15875","Verify that data is filtered by report name 'Check 5 attributes' and by number","create, view, delete Report","2026-09-29","passed","2026-09-29","Filter reports","Tests with presetup","",""
"","12743","delete","Smoke tests","2026-09-29","passed","2026-09-29","","SchedulerPage","",""
"","15599","Verify that data is sorted by Creator descending","create, view, delete Report","2026-09-29","passed","2026-09-29","Sorting","Tests with presetup","",""
"","21811","Verify that check5attr reports is sorted by Int descending","create, view, delete Report","2026-09-29","passed","2026-09-29","Sorting > Sorting check5attr reports","Tests with presetup","",""
"","13767","Verify that data is filtered by report name 'Check 5 attributes' and by Int","create, view, delete Report","2026-09-29","passed","2026-09-29","Filter reports","Tests with presetup","",""
"","22160","Verify that check5attr reports is sorted by String descending","create, view, delete Report","2026-09-29","passed","2026-09-29","Sorting > Sorting check5attr reports","Tests with presetup","",""
"","28981","Verify that Scheduler 'Check many attributes' is created filling all abligatory fields","create, view, Scheduler","2026-09-29","passed","2026-09-29","","Create Scheduler","",""
"","23033","Verify that format in the ""Edit"" window is editable","create, view, Scheduler","2026-09-29","passed","2026-09-29","","Edit Schedule","",""
"","15910","Verify that data is filtered by Interval Weekly","create, view, Scheduler","2026-09-29","passed","2026-09-29","Verify that data is filtered by Interval Weekly","Filter by data","",""
"","17357","Verify that check5attr reports is sorted by Date ascending","create, view, delete Report","2026-09-29","passed","2026-09-29","Sorting > Sorting check5attr reports","Tests with presetup","",""
"","14932","Verify that data is sorted by Creation Time ascending","create, view, delete Report","2026-09-29","passed","2026-09-29","Sorting","Tests with presetup","",""
"","15077","Verify that ""Edit"" window is opened","create, view, Scheduler","2026-09-29","passed","2026-09-29","","Actions","",""
"","10136","action menu for PDF format","Smoke tests","2026-09-29","skipped","2026-09-29","","Report Page","",""
"","20925","Verify that check5attr reports is sorted by Creation Time ascending","create, view, delete Report","2026-09-29","failed","2026-09-29","Sorting > Sorting check5attr reports","Tests with presetup","",""
"","42074","create","Smoke tests","2026-09-29","passed","2026-09-29","","SchedulerPage","",""
"","22679","Verify that check5attr reports is sorted by Creator descending","create, view, delete Report","2026-09-29","passed","2026-09-29","Sorting > Sorting check5attr reports","Tests with presetup","",""
"","21385","Verify that data is sorted by Scheduled Time descending","create, view, Scheduler","2026-09-29","passed","2026-09-29","","Sorting","",""
"","20082","Verify that data is filtered by Report type Check many attributes","create, view, Scheduler","2026-09-29","passed","2026-09-29","Verify that data is filtered by Report type Check many attributes","Filter by data","",""
"","20690","Verify that data is sorted by Interval descending","create, view, Scheduler","2026-09-29","passed","2026-09-29","","Sorting","",""
"","19548","Verify that check5attr reports is sorted by Int ascending","create, view, delete Report","2026-09-29","passed","2026-09-29","Sorting > Sorting check5attr reports","Tests with presetup","",""
"","32151","Verify that warning icon is displayed if input date from past","create, view, Scheduler","2026-09-29","passed","2026-09-29","","Create Scheduler","",""
"","18829","filters","Smoke tests","2026-09-29","passed","2026-09-29","","Report Page","",""
